{"final/kl_loss":8.534640073776245e-06,"train/recon_loss":0.13033629953861237,"reconstruction":{"width":891,"height":3738,"_type":"image-file","sha256":"4be7a3cca035a0c2e2cc427eee2e7cca5f6cee20fdf409dc5d409cfa39335232","size":131182,"path":"media/images/reconstruction_490_4be7a3cca035a0c2e2cc.png","format":"png"},"_runtime":22,"train/kl_per_dim":2.525630407035351e-07,"train/pixel_acc":0.9351806640625,"_wandb":{"runtime":22},"_step":500,"final/pixel_acc":0.9351806640625,"train/kl_loss":8.082017302513123e-06,"final/loss":0.13169963657855988,"train/loss":0.13034437596797943,"final/kl_per_dim":2.6670750230550766e-07,"final/recon_loss":0.1316910982131958,"_timestamp":1.761220959630072e+09,"epoch":10}